File;Start;End;Subject;Session
SST-elder-1-1.txt;2015-11-26T14:52:53Z;2015-11-26T15:00:18Z;1;1
SST-elder-2-1.txt;2015-12-08T09:02:07Z;2015-12-08T09:09:22Z;2;1
SST-elder-7-1.txt;2015-12-23T14:29:10Z;2015-12-23T14:36:18Z;7;1
SST-elder-8-1.txt;2015-12-23T14:46:02Z;2015-12-23T14:53:34Z;8;1
SST-elder-3-1.txt;2015-12-11T07:22:48Z;2015-12-11T07:30:25Z;3;1
SST-elder-4-1.txt;2015-12-11T07:38:57Z;2015-12-11T07:46:03Z;4;1
SST-elder-6-1.txt;2015-12-15T08:55:02Z;2015-12-15T09:02:19Z;6;1
SST-elder-11-1.txt;2016-01-22T09:10:03Z;2016-01-22T09:17:34Z;11;1
SST-elder-5-1.txt;2015-12-11T09:56:39Z;2015-12-11T10:04:03Z;5;1
SST-elder-9-1.txt;2016-01-22T08:47:20Z;2016-01-22T08:54:35Z;9;1
SST-elder-12-1.txt;2016-01-29T10:30:27Z;2016-01-29T10:37:21Z;12;1
